id,name,model_id:id,group_id:id,perm_read,perm_write,perm_create,perm_unlink
hr_employ_extension.access_employee_certification,access_employee_certification,hr_employ_extension.model_employee_certification,base.group_user,1,0,0,0
hr_employ_extension.access_employee_skill,access_employee_skill,hr_employ_extension.model_employee_skill,base.group_user,1,0,0,0
access_employee_certification_manager,employee.certification manager,hr_employ_extension.model_employee_certification,hr_employ_extension.group_manage_certifications,1,1,1,1
access_employee_skill_manager,employee.skill manager,hr_employ_extension.model_employee_skill,hr_employ_extension.group_manage_skills,1,1,1,1
access_employee_employee_experience_manager_extended,employee_experience_manager_extended,hr_employ_extension.model_employee_skill,hr_employ_extension.group_employee_experience_manager_extended,1,1,1,1
access_employee_skill_manager_wizard,employee_skill_manager_wizard,hr_employ_extension.model_employee_skill_wizard,hr_employ_extension.group_manage_skills,1,1,1,1
access_employee_update_wizard,access_employee_update_wizard,hr_employ_extension.model_employee_update_wizard,base.group_user,1,0,0,0
access_employee_certification_manager_wizard_group_manage_certifications,access_employee_update_wizard_group_manage_certifications,hr_employ_extension.model_employee_update_wizard,hr_employ_extension.group_manage_certifications,1,1,1,1
access_employee_certification_manager_wizard_group_manage_skills,access_employee_update_wizard_group_manage_skills,hr_employ_extension.model_employee_update_wizard,hr_employ_extension.group_manage_skills,1,1,1,1
